Entry,SMILES,Clearing Temperature,Label,canonical_smiles
51,CCC1=CC=C(C=C1)C2=CC=C(C=C2)C#N,22,rod-like,CCc1ccc(-c2ccc(C#N)cc2)cc1
88,CCC1=CC=C(C=C1)C#CC2=CC=C(C=C2)OC,34.7,rod-like,CCc1ccc(C#Cc2ccc(OC)cc2)cc1
644,CC(C)CCCC(C)CCOC(C=C1)=CC=C1C#CC(C(OCCCCCCCCCC)=C2C#CC3=CC=C(OCCC(C)CCCC(C)C)C=C3)=C(C#CC4=CC=C(OCCC(C)CCCC(C)C)C=C4)C(C#CC5=CC=C(OCCC(C)CCCC(C)C)C=C5)=C2C#CC6=CC=C(OCCC(C)CCCC(C)C)C=C6,40,disc-like,CCCCCCCCCCOc1c(C#Cc2ccc(OCCC(C)CCCC(C)C)cc2)c(C#Cc2ccc(OCCC(C)CCCC(C)C)cc2)c(C#Cc2ccc(OCCC(C)CCCC(C)C)cc2)c(C#Cc2ccc(OCCC(C)CCCC(C)C)cc2)c1C#Cc1ccc(OCCC(C)CCCC(C)C)cc1
111,COC1=CC=C(C=C1)C(=O)OC2=CC=C(C=C2)OCCCCCCOC(=O)C=C,44,rod-like,C=CC(=O)OCCCCCCOc1ccc(OC(=O)c2ccc(OC)cc2)cc1
40,CCCCCCC1=CC=C(C=C1)C(=O)OC2=CC=C(C=C2)C#N,48.6,rod-like,CCCCCCc1ccc(C(=O)Oc2ccc(C#N)cc2)cc1
7,CCCCCC1COC(OC1)C2=CC=C(C=C2)C#N,49,rod-like,CCCCCC1COC(c2ccc(C#N)cc2)OC1
254,CC/C=C\CCCCOC(C=N1)=CN=C1C2=CC=C(CCCCCCC)C=C2,55,rod-like,CC/C=C\CCCCOc1cnc(-c2ccc(CCCCCCC)cc2)nc1
62,CCCCCCCCCCCCC1=CC=C(C=C1)C2=CC=C(C=C2)C#N,58,rod-like,CCCCCCCCCCCCc1ccc(-c2ccc(C#N)cc2)cc1
98,CCCCCCCCCCCCOC1=C(C=C2C(=C1)C3=CC(=C(C=C3C4=CC(=C(C=C24)OCCCCCCCCCCCC)OCCCCCCCCCCCC)OCCCCCCCCCCCC)OCCCCCCCCCCCC)OCCCCCCCCCCCC,63,disc-like,CCCCCCCCCCCCOc1cc2c3cc(OCCCCCCCCCCCC)c(OCCCCCCCCCCCC)cc3c3cc(OCCCCCCCCCCCC)c(OCCCCCCCCCCCC)cc3c2cc1OCCCCCCCCCCCC
315,C=CCCOC(C=N1)=CN=C1C2=CC=C(CCCCCCCC)C=C2,64,rod-like,C=CCCOc1cnc(-c2ccc(CCCCCCCC)cc2)nc1
190,O=C(/C=C/CC)OC(C=C1)=CC=C1C2=NC=C(CCCCCCCC)C=N2,64,rod-like,CC/C=C/C(=O)Oc1ccc(-c2ncc(CCCCCCCC)cn2)cc1
178,O=C(CCC/C=C\CC)OC(C=C1)=CC=C1C2=NC=C(CCCCCCCCC)C=C2,65,rod-like,CC/C=C\CCCC(=O)Oc1ccc(-c2ccc(CCCCCCCCC)cn2)cc1
153,O=C(CCCCCCC)OC(C=C1)=CC=C1C2=NC=C(CCCCCCCCC)C=N2,65,rod-like,CCCCCCCCCc1cnc(-c2ccc(OC(=O)CCCCCCC)cc2)nc1
166,O=C(CCCCCC=C)OC(C=C1)=CC=C1C2=NC=C(CCCCCCC)C=C2,67,rod-like,C=CCCCCCC(=O)Oc1ccc(-c2ccc(CCCCCCC)cn2)cc1
64,CCCCCOC1=CC=C(C=C1)C2=CC=C(C=C2)C#N,68,rod-like,CCCCCOc1ccc(-c2ccc(C#N)cc2)cc1
300,C=CCOC(C=N1)=CN=C1C2=CC=C(CCCCCC)C=C2,69,rod-like,C=CCOc1cnc(-c2ccc(CCCCCC)cc2)nc1
15,CCCCCCCC1=CN=C(N=C1)C2=CC=C(C=C2)OCCCCCC,69.5,rod-like,CCCCCCCc1cnc(-c2ccc(OCCCCCC)cc2)nc1
32,CCCCCCCCCCCCOC1=CC=C(C=C1)C2=NC=C(C=N2)CCCCCCCC,70,rod-like,CCCCCCCCCCCCOc1ccc(-c2ncc(CCCCCCCC)cn2)cc1
165,O=C(CCCC/C=C/C)OC(C=C1)=CC=C1C2=NC=C(CCCCCCC)C=C2,70,rod-like,C/C=C/CCCCC(=O)Oc1ccc(-c2ccc(CCCCCCC)cn2)cc1
173,O=C(CCCCCC=C)OC(C=C1)=CC=C1C2=NC=C(CCCCCCCC)C=C2,70,rod-like,C=CCCCCCC(=O)Oc1ccc(-c2ccc(CCCCCCCC)cn2)cc1
273,CCCCCCC1=CC=C(C2=NC=C(OC/C=C/CCCCCCC)C=N2)C=C1,71,rod-like,CCCCCCC/C=C/COc1cnc(-c2ccc(CCCCCC)cc2)nc1
680,CCCCCCCCCCCCOC1=C(OCCCCCCCCCCCC)C=CC(C2=CC(OCCOC3=CC(C4=CC=C(OCCCCCCCCCCCC)C(OCCCCCCCCCCCC)=C4)=C(C5=CC(OCCCCCCCCCCCC)=C(OCCCCCCCCCCCC)C=C5)C=C3OCCO6)=C6C=C2C7=CC=C(OCCCCCCCCCCCC)C(OCCCCCCCCCCCC)=C7)=C1,71,disc-like,CCCCCCCCCCCCOc1ccc(-c2cc3c(cc2-c2ccc(OCCCCCCCCCCCC)c(OCCCCCCCCCCCC)c2)OCCOc2cc(-c4ccc(OCCCCCCCCCCCC)c(OCCCCCCCCCCCC)c4)c(-c4ccc(OCCCCCCCCCCCC)c(OCCCCCCCCCCCC)c4)cc2OCCO3)cc1OCCCCCCCCCCCC
214,O=C(/C=C/CC)OC(C=C1)=CC=C1C2=NC=C(CCCCCCCC)C=C2,72,rod-like,CC/C=C/C(=O)Oc1ccc(-c2ccc(CCCCCCCC)cn2)cc1
163,O=C(CC/C=C/CCC)OC(C=C1)=CC=C1C2=NC=C(CCCCCCC)C=C2,73,rod-like,CCC/C=C/CCC(=O)Oc1ccc(-c2ccc(CCCCCCC)cn2)cc1
294,CCCCCCCCCC1=CC=C(C2=NC=C(OC/C=C/CCCCCCC)C=N2)C=C1,73,rod-like,CCCCCCC/C=C/COc1cnc(-c2ccc(CCCCCCCCC)cc2)nc1
230,CCCCC/C=C/COC(C=C1)=CC=C1C2=NC=C(CCCCCCCCC)C=N2,73,rod-like,CCCCC/C=C/COc1ccc(-c2ncc(CCCCCCCCC)cn2)cc1
28,CCCCCCCCCCC1=CN=C(N=C1)C2=CC=C(C=C2)OCCCCCCCC,73.5,rod-like,CCCCCCCCCCc1cnc(-c2ccc(OCCCCCCCC)cc2)nc1
147,O=C(/C=C/CCCCC)OC(C=C1)=CC=C1C2=NC=C(CCCCCCCC)C=N2,75,rod-like,CCCCC/C=C/C(=O)Oc1ccc(-c2ncc(CCCCCCCC)cn2)cc1
249,C=CCCCCCCOC(C=N1)=CN=C1C2=CC=C(CCCCCC)C=C2,75,rod-like,C=CCCCCCCOc1cnc(-c2ccc(CCCCCC)cc2)nc1
194,O=C(/C=C/CCCCCCC)OC(C=C1)=CC=C1C2=NC=C(CCCCCCCC)C=N2,76,rod-like,CCCCCCC/C=C/C(=O)Oc1ccc(-c2ncc(CCCCCCCC)cn2)cc1
170,O=C(CC/C=C/CCC)OC(C=C1)=CC=C1C2=NC=C(CCCCCCCC)C=C2,76,rod-like,CCC/C=C/CCC(=O)Oc1ccc(-c2ccc(CCCCCCCC)cn2)cc1
698,CCCCCCCCCCCOC1=C([N+]([O-])=O)C2=C(C=C1OCCCCCCCCCCC)C3=C(C=C(OCCCCCCCCCCC)C(OCCCCCCCCCCC)=C3[N+]([O-])=O)C4=C2C=C(OCCCCCCCCCCC)C(OCCCCCCCCCCC)=C4,77,disc-like,CCCCCCCCCCCOc1cc2c(cc1OCCCCCCCCCCC)c1c([N+](=O)[O-])c(OCCCCCCCCCCC)c(OCCCCCCCCCCC)cc1c1c([N+](=O)[O-])c(OCCCCCCCCCCC)c(OCCCCCCCCCCC)cc21
279,CCCCCCCC1=CC=C(C2=NC=C(OC/C=C/CCCCCC)C=N2)C=C1,78,rod-like,CCCCCC/C=C/COc1cnc(-c2ccc(CCCCCCC)cc2)nc1
346,CCCCCCCCC1=CC=C(C2=NC=C(OCCCCCCC)C=N2)C=C1,78,rod-like,CCCCCCCCc1ccc(-c2ncc(OCCCCCCC)cn2)cc1
203,O=C(/C=C/CCCCCCCC)OC(C=C1)=CC=C1C2=NC=C(CCCCCCCCC)C=N2,78,rod-like,CCCCCCCC/C=C/C(=O)Oc1ccc(-c2ncc(CCCCCCCCC)cn2)cc1
3,CCCCC1=CC=C(C=C1)N=CC2=CC=C(C=C2)OCC,79.8,rod-like,CCCCc1ccc(N=Cc2ccc(OCC)cc2)cc1
189,O=C(/C=C/C)OC(C=C1)=CC=C1C2=NC=C(CCCCCCCC)C=N2,80,rod-like,C/C=C/C(=O)Oc1ccc(-c2ncc(CCCCCCCC)cn2)cc1
186,O=C(/C=C/CCCCCCC)OC(C=C1)=CC=C1C2=NC=C(CCCCCCC)C=N2,80,rod-like,CCCCCCC/C=C/C(=O)Oc1ccc(-c2ncc(CCCCCCC)cn2)cc1
167,O=C(CCCCCCC)OC(C=C1)=CC=C1C2=NC=C(CCCCCCCC)C=C2,80,rod-like,CCCCCCCCc1ccc(-c2ccc(OC(=O)CCCCCCC)cc2)nc1
309,C=CCCCOC(C=N1)=CN=C1C2=CC=C(CCCCCCC)C=C2,81,rod-like,C=CCCCOc1cnc(-c2ccc(CCCCCCC)cc2)nc1
202,O=C(/C=C/CCCCCCC)OC(C=C1)=CC=C1C2=NC=C(CCCCCCCCC)C=N2,81,rod-like,CCCCCCC/C=C/C(=O)Oc1ccc(-c2ncc(CCCCCCCCC)cn2)cc1
251,CCCCC/C=C/COC(C=N1)=CN=C1C2=CC=C(CCCCCCC)C=C2,82,rod-like,CCCCC/C=C/COc1cnc(-c2ccc(CCCCCCC)cc2)nc1
321,C=CCCCCCCCCOC(C=N1)=CN=C1C2=CC=C(CCCCCCCC)C=C2,82,rod-like,C=CCCCCCCCCOc1cnc(-c2ccc(CCCCCCCC)cc2)nc1
215,O=C(/C=C/CCC)OC(C=C1)=CC=C1C2=NC=C(CCCCCCCC)C=C2,83,rod-like,CCC/C=C/C(=O)Oc1ccc(-c2ccc(CCCCCCCC)cn2)cc1
219,O=C(/C=C/CCCCCCCC)OC(C=C1)=CC=C1C2=NC=C(CCCCCCCC)C=C2,83,rod-like,CCCCCCCC/C=C/C(=O)Oc1ccc(-c2ccc(CCCCCCCC)cn2)cc1
329,C=CCCCCCCCCOC(C=N1)=CN=C1C2=CC=C(CCCCCCCCC)C=C2,83,rod-like,C=CCCCCCCCCOc1cnc(-c2ccc(CCCCCCCCC)cc2)nc1
333,CCCCCCC1=CC=C(C2=NC=C(OCCCCCCCCC)C=N2)C=C1,84,rod-like,CCCCCCCCCOc1cnc(-c2ccc(CCCCCC)cc2)nc1
326,C=CCCCCCOC(C=N1)=CN=C1C2=CC=C(CCCCCCCCC)C=C2,84,rod-like,C=CCCCCCOc1cnc(-c2ccc(CCCCCCCCC)cc2)nc1
313,C=CCCCCCCCCOC(C=N1)=CN=C1C2=CC=C(CCCCCCC)C=C2,84,rod-like,C=CCCCCCCCCOc1cnc(-c2ccc(CCCCCCC)cc2)nc1
283,CCCCCCCC1=CC=C(C2=NC=C(OC/C=C/CCCCCCCCCCC)C=N2)C=C1,85,rod-like,CCCCCCCCCCC/C=C/COc1cnc(-c2ccc(CCCCCCC)cc2)nc1
354,CCCCCCCCCC1=CC=C(C2=NC=C(OCCCCCCCCC)C=N2)C=C1,85,rod-like,CCCCCCCCCOc1cnc(-c2ccc(CCCCCCCCC)cc2)nc1
236,CCCCCCCCOC(C=C1)=CC=C1C2=NC=C(CCCCCCCCC)C=C2,85,rod-like,CCCCCCCCCc1ccc(-c2ccc(OCCCCCCCC)cc2)nc1
328,C=CCCCCCCCOC(C=N1)=CN=C1C2=CC=C(CCCCCCCCC)C=C2,85,rod-like,C=CCCCCCCCOc1cnc(-c2ccc(CCCCCCCCC)cc2)nc1
21,CCCCCCCCCOC1=CC=C(C=C1)C2=NC=C(C=N2)CCCCCC,85,rod-like,CCCCCCCCCOc1ccc(-c2ncc(CCCCCC)cn2)cc1
106,CCCCCCCCOC1=C(C=C2C(=C1)C3=CC(=C(C=C3C4=CC(=C(C=C24)OCCCCCCCC)OCCCCCCCC)OCCCCCCCC)OCCCCCCCC)OCCCCCCCC,85.6,disc-like,CCCCCCCCOc1cc2c3cc(OCCCCCCCC)c(OCCCCCCCC)cc3c3cc(OCCCCCCCC)c(OCCCCCCCC)cc3c2cc1OCCCCCCCC
298,CCCCCCCCCC1=CC=C(C2=NC=C(OC/C=C/CCCCCCCCCCC)C=N2)C=C1,86,rod-like,CCCCCCCCCCC/C=C/COc1cnc(-c2ccc(CCCCCCCCC)cc2)nc1
334,CCCCCCC1=CC=C(C2=NC=C(OCCCCCCCCCC)C=N2)C=C1,87,rod-like,CCCCCCCCCCOc1cnc(-c2ccc(CCCCCC)cc2)nc1
255,C/C=C/CCCCCOC(C=N1)=CN=C1C2=CC=C(CCCCCCC)C=C2,87,rod-like,C/C=C/CCCCCOc1cnc(-c2ccc(CCCCCCC)cc2)nc1
284,CCCCCCCC1=CC=C(C2=NC=C(OC/C=C/CCCCCCCCCCCC)C=N2)C=C1,87,rod-like,CCCCCCCCCCCC/C=C/COc1cnc(-c2ccc(CCCCCCC)cc2)nc1
341,CCCCCCCC1=CC=C(C2=NC=C(OCCCCCCCCCC)C=N2)C=C1,88,rod-like,CCCCCCCCCCOc1cnc(-c2ccc(CCCCCCC)cc2)nc1
444,O=C(C1=CC=C(/N=N/C2=CC=C(OCCCCCCCCCCCC)C(F)=C2)C=C1)OC3=CC(OC(C4=CC=C(/N=N/C5=CC(F)=C(OCCCCCCCCCCCC)C=C5)C=C4)=O)=CC=C3C,90,bend-core,CCCCCCCCCCCCOc1ccc(/N=N/c2ccc(C(=O)Oc3ccc(C)c(OC(=O)c4ccc(/N=N/c5ccc(OCCCCCCCCCCCC)c(F)c5)cc4)c3)cc2)cc1F
418,O=C(C1=CC=C(/N=N/C2=CC=C(OCCCCCCCCCCCCCCCCCCCC)C(F)=C2)C=C1)OC3=CC(OC(C4=CC=C(/N=N/C5=CC(F)=C(OCCCCCCCCCCCCCCCCCCCC)C=C5)C=C4)=O)=CC=C3C,92,bend-core,CCCCCCCCCCCCCCCCCCCCOc1ccc(/N=N/c2ccc(C(=O)Oc3ccc(C)c(OC(=O)c4ccc(/N=N/c5ccc(OCCCCCCCCCCCCCCCCCCCC)c(F)c5)cc4)c3)cc2)cc1F
79,CC(C)CCCC(C)C1CCC2C1(CCC3C2CC=C4C3(CCC(C4)OC(=O)C)C)C,94.5,bend-core,CC(=O)OC1CCC2(C)C(=CCC3C2CCC2(C)C(C(C)CCCC(C)C)CCC32)C1
417,O=C(C1=CC=C(/N=N/C2=CC=C(OCCCCCCCCCCCCCC)C(F)=C2)C=C1)OC3=CC(OC(C4=CC=C(/N=N/C5=CC(F)=C(OCCCCCCCCCCCCCC)C=C5)C=C4)=O)=CC=C3C,95,bend-core,CCCCCCCCCCCCCCOc1ccc(/N=N/c2ccc(C(=O)Oc3ccc(C)c(OC(=O)c4ccc(/N=N/c5ccc(OCCCCCCCCCCCCCC)c(F)c5)cc4)c3)cc2)cc1F
80,CCCCCCC(=O)OC1CCC2(C3CCC4(C(C3CC=C2C1)CCC4C(C)CCCC(C)C)C)C,95.5,bend-core,CCCCCCC(=O)OC1CCC2(C)C(=CCC3C2CCC2(C)C(C(C)CCCC(C)C)CCC32)C1
640,CCCCCCCCC(C=C1)=CC=C1C#CC2=C(C#CC3=CC=C(CCCCCCCC)C=C3)C(C#CC4=CC=C(CCCCCCCC)C=C4)=C(C#CC5=CC=C(CCCCCCCC)C=C5)C(C#CC6=CC=C(CCCCCCCC)C=C6)=C2C#CC7=CC=C(CCCCCCCC)C=C7,96,disc-like,CCCCCCCCc1ccc(C#Cc2c(C#Cc3ccc(CCCCCCCC)cc3)c(C#Cc3ccc(CCCCCCCC)cc3)c(C#Cc3ccc(CCCCCCCC)cc3)c(C#Cc3ccc(CCCCCCCC)cc3)c2C#Cc2ccc(CCCCCCCC)cc2)cc1
104,CCCCCCOC1=C(C=C2C(=C1)C3=CC(=C(C=C3C4=CC(=C(C=C24)OCCCCCC)OCCCCCC)OCCCCCC)OCCCCCC)OCCCCCC,97,disc-like,CCCCCCOc1cc2c3cc(OCCCCCC)c(OCCCCCC)cc3c3cc(OCCCCCC)c(OCCCCCC)cc3c2cc1OCCCCCC
428,O=C(C1=CC=C(/N=N/C2=CC=C(OCCCCCCCCCCCCCCCC)C=C2)C=C1)OC3=CC(OC(C4=CC=C(/N=N/C5=CC=C(OCCCCCCCCCCCCCCCC)C=C5)C=C4)=O)=CC=C3Cl,99,bend-core,CCCCCCCCCCCCCCCCOc1ccc(/N=N/c2ccc(C(=O)Oc3ccc(Cl)c(OC(=O)c4ccc(/N=N/c5ccc(OCCCCCCCCCCCCCCCC)cc5)cc4)c3)cc2)cc1
412,O=C(C1=CC=C(/N=N/C2=CC=C(OCCCCCCCCCCCCCC)C=C2)C=C1)OC3=CC(OC(C4=CC=C(/N=N/C5=CC=C(OCCCCCCCCCCCCCC)C=C5)C=C4)=O)=CC=C3C,101,bend-core,CCCCCCCCCCCCCCOc1ccc(/N=N/c2ccc(C(=O)Oc3ccc(C)c(OC(=O)c4ccc(/N=N/c5ccc(OCCCCCCCCCCCCCC)cc5)cc4)c3)cc2)cc1
694,CCCCCCCOC1=C([N+]([O-])=O)C2=C(C=C1OCCCCCCC)C3=C(C=C(OCCCCCCC)C(OCCCCCCC)=C3[N+]([O-])=O)C4=C2C=C(OCCCCCCC)C(OCCCCCCC)=C4,102.6,disc-like,CCCCCCCOc1cc2c(cc1OCCCCCCC)c1c([N+](=O)[O-])c(OCCCCCCC)c(OCCCCCCC)cc1c1c([N+](=O)[O-])c(OCCCCCCC)c(OCCCCCCC)cc21
414,O=C(C1=CC=C(/N=N/C2=CC=C(OCCCCCCCCCCCCCCCCCC)C=C2)C=C1)OC3=CC(OC(C4=CC=C(/N=N/C5=CC=C(OCCCCCCCCCCCCCCCCCC)C=C5)C=C4)=O)=CC=C3C,103,bend-core,CCCCCCCCCCCCCCCCCCOc1ccc(/N=N/c2ccc(C(=O)Oc3ccc(C)c(OC(=O)c4ccc(/N=N/c5ccc(OCCCCCCCCCCCCCCCCCC)cc5)cc4)c3)cc2)cc1
10,[H][C@]1(CCC)CC[C@@]([H])(CC1)[C@@]1([H])CO[C@@]([H])(OC1)C1=CC(F)=C(F)C=C1,105.1,rod-like,CCC[C@H]1CC[C@H]([C@H]2CO[C@H](c3ccc(F)c(F)c3)OC2)CC1
108,CCCCCC1CCC(CC1)C2=CC=C(C=C2)C3=CC(=C(C=C3)F)F,106,rod-like,CCCCCC1CCC(c2ccc(-c3ccc(F)c(F)c3)cc2)CC1
580,O=C(C1=CC=C(/C=C/C2=CC=C(OCCCCCCCCCCCCC)C(I)=C2)C=C1)OC3=CC(OC(C4=CC=C(/C=C/C5=CC(I)=C(OCCCCCCCCCCCCC)C=C5)C=C4)=O)=CC=C3,106.8,bend-core,CCCCCCCCCCCCCOc1ccc(/C=C/c2ccc(C(=O)Oc3cccc(OC(=O)c4ccc(/C=C/c5ccc(OCCCCCCCCCCCCC)c(I)c5)cc4)c3)cc2)cc1I
105,O=C(OC1=C(OC(CCCCCC)=O)C=C(C2=CC(OC(CCCCCC)=O)=C(OC(CCCCCC)=O)C=C2C3=CC(OC(CCCCCC)=O)=C(OC(CCCCCC)=O)C=C43)C4=C1)CCCCCC,108,disc-like,CCCCCCC(=O)Oc1cc2c3cc(OC(=O)CCCCCC)c(OC(=O)CCCCCC)cc3c3cc(OC(=O)CCCCCC)c(OC(=O)CCCCCC)cc3c2cc1OC(=O)CCCCCC
12,CCCCC1CCC(CC1)C2COC(OC2)C3=CC(=C(C=C3)F)F,109.7,rod-like,CCCCC1CCC(C2COC(c3ccc(F)c(F)c3)OC2)CC1
441,O=C(OC1=CC(OC(C2=CC=C(C=C2)/N=N/C3=CC(F)=C(C=C3)OCCCCCCCCCCCCCCCC)=O)=CC=C1I)C4=CC=C(C=C4)/N=N/C5=CC=C(C(F)=C5)OCCCCCCCCCCCCCCCC,111,bend-core,CCCCCCCCCCCCCCCCOc1ccc(/N=N/c2ccc(C(=O)Oc3ccc(I)c(OC(=O)c4ccc(/N=N/c5ccc(OCCCCCCCCCCCCCCCC)c(F)c5)cc4)c3)cc2)cc1F
128,CCCCC1CCC(CC1)C(CO)CO,113,rod-like,CCCCC1CCC(C(CO)CO)CC1
461,O=C(C1=CC=C(OC(C2=CC=C(OCCCCCCCCCCCC)C=C2)=O)C=C1)OC3=CC=CC(/N=N/C4=CC=C(OC(C5=CC=C(OCCCCCCCC)C=C5)=O)C=C4)=C3,114.9,bend-core,CCCCCCCCCCCCOc1ccc(C(=O)Oc2ccc(C(=O)Oc3cccc(/N=N/c4ccc(OC(=O)c5ccc(OCCCCCCCC)cc5)cc4)c3)cc2)cc1
497,O=C(OC1=CC=C(/N=N/C2=CC=C(CCCCCCCCCC)C=C2)C=C1)C3=CC(OC(C4=CC=C(OC(C5=CC=C(OCCCCCCCCCCCC)C=C5)=O)C=C4)=O)=CC=C3,115.8,bend-core,CCCCCCCCCCCCOc1ccc(C(=O)Oc2ccc(C(=O)Oc3cccc(C(=O)Oc4ccc(/N=N/c5ccc(CCCCCCCCCC)cc5)cc4)c3)cc2)cc1
119,CC1=C(C=CC(=C1)OC(=O)C2=CC=C(C=C2)OCCCCCCOC(=O)C=C)OC(=O)C3=CC=C(C=C3)OCCCCCCOC(=O)C=C,116,rod-like,C=CC(=O)OCCCCCCOc1ccc(C(=O)Oc2ccc(OC(=O)c3ccc(OCCCCCCOC(=O)C=C)cc3)c(C)c2)cc1
454,O=C(C1=CC=C(/N=N/C2=CC=C(OCCCCCCCCCCCCCC)C=C2)C=C1)OC3=CC(OC(C4=CC=C(/N=N/C5=CC=C(OCCCCCCCCCCCCCC)C=C5)C=C4)=O)=CC=C3I,116,bend-core,CCCCCCCCCCCCCCOc1ccc(/N=N/c2ccc(C(=O)Oc3ccc(I)c(OC(=O)c4ccc(/N=N/c5ccc(OCCCCCCCCCCCCCC)cc5)cc4)c3)cc2)cc1
436,O=C(C1=CC=C(/N=N/C2=CC=C(OCCCCCCCC)C(F)=C2)C=C1)OC3=CC(OC(C4=CC=C(/N=N/C5=CC(F)=C(OCCCCCCCC)C=C5)C=C4)=O)=CC=C3Br,119,bend-core,CCCCCCCCOc1ccc(/N=N/c2ccc(C(=O)Oc3ccc(Br)c(OC(=O)c4ccc(/N=N/c5ccc(OCCCCCCCC)c(F)c5)cc4)c3)cc2)cc1F
563,O=C(C1=CC=C(OCCCCCCCC)C=C1)OC(C=C2)=CC=C2/C=N/C3=CC=CC(OC(C4=CC=C(OC(C5=CC=C(OCCCCCCCC)C=C5)=O)C=C4)=O)=C3,124,bend-core,CCCCCCCCOc1ccc(C(=O)Oc2ccc(/C=N/c3cccc(OC(=O)c4ccc(OC(=O)c5ccc(OCCCCCCCC)cc5)cc4)c3)cc2)cc1
94,CCCCCCCCC(OC1=C(OC(CCCCCCCC)=O)C=C2C(C3=CC(OC(CCCCCCCC)=O)=C(OC(CCCCCCCC)=O)C=C3C4=CC(OC(CCCCCCCC)=O)=C(OC(CCCCCCCC)=O)C=C24)=C1)=O,125,disc-like,CCCCCCCCC(=O)Oc1cc2c3cc(OC(=O)CCCCCCCC)c(OC(=O)CCCCCCCC)cc3c3cc(OC(=O)CCCCCCCC)c(OC(=O)CCCCCCCC)cc3c2cc1OC(=O)CCCCCCCC
538,O=C(C1=CC=C(/C=N/C2=CC=C(CCCCCCCCCCCCCC)C=C2)C=C1)OC3=CC(OC(C4=CC=C(/C=N/C5=CC=C(CCCCCCCCCCCCCC)C=C5)C=C4)=O)=CC=C3Cl,127,bend-core,CCCCCCCCCCCCCCc1ccc(/N=C/c2ccc(C(=O)Oc3ccc(Cl)c(OC(=O)c4ccc(/C=N/c5ccc(CCCCCCCCCCCCCC)cc5)cc4)c3)cc2)cc1
513,ClC1=C(OC(C2=CC=C(/N=N/C3=CC=C(OCCCCCCCCCC)C=C3)C=C2)=O)C=C(OC(C4=CC=C(/N=N/C5=CC=C(OCCCCCCCCCC)C=C5)C=C4)=O)C(Cl)=C1,128,bend-core,CCCCCCCCCCOc1ccc(/N=N/c2ccc(C(=O)Oc3cc(OC(=O)c4ccc(/N=N/c5ccc(OCCCCCCCCCC)cc5)cc4)c(Cl)cc3Cl)cc2)cc1
649,CCCCCCOC1=CC2=C(C=C1OCCCCCC)N=C(C3=C4C=C(OCCCCCC)C(OCCCCCC)=C3)C(C5=CC(OCCCCCCCCCC)=C(OCCCCCCCCCC)C=C54)=N2,129.5,disc-like,CCCCCCCCCCOc1cc2c3cc(OCCCCCC)c(OCCCCCC)cc3c3nc4cc(OCCCCCC)c(OCCCCCC)cc4nc3c2cc1OCCCCCCCCCC
704,CCCCCCCCCOC1=C([N+]([O-])=O)C2=C(C=C1OCCCCCCCCC)C3=C(C([N+]([O-])=O)=C(OCCCCCCCCC)C(OCCCCCCCCC)=C3)C4=C2C=C(OCCCCCCCCC)C(OCCCCCCCCC)=C4,130.4,disc-like,CCCCCCCCCOc1cc2c(cc1OCCCCCCCCC)c1c([N+](=O)[O-])c(OCCCCCCCCC)c(OCCCCCCCCC)cc1c1cc(OCCCCCCCCC)c(OCCCCCCCCC)c([N+](=O)[O-])c21
397,O=C(OC1=CC=C(/N=C/C2=CC=C(OCCCCCCCC)C=C2)C=C1)C3=CC(OC(C4=CC=C(/N=N/C5=CC=C(OCCCCCCCCCCCC)C=C5)C=C4)=O)=CC=C3,132,bend-core,CCCCCCCCCCCCOc1ccc(/N=N/c2ccc(C(=O)Oc3cccc(C(=O)Oc4ccc(/N=C/c5ccc(OCCCCCCCC)cc5)cc4)c3)cc2)cc1
577,O=C(C1=CC=C(OCCCCCCCCCC)C=C1)OC(C=C2)=CC=C2/N=C/C3=CC=CC(C(OC4=CC=C(OC(C5=CC=C(OCCCCCCCCC)C=C5)=O)C=C4)=O)=C3,134,bend-core,CCCCCCCCCCOc1ccc(C(=O)Oc2ccc(/N=C/c3cccc(C(=O)Oc4ccc(OC(=O)c5ccc(OCCCCCCCCC)cc5)cc4)c3)cc2)cc1
398,O=C(OC1=CC=C(/N=C/C2=CC=C(OCCCCCCCCCC)C=C2)C=C1)C3=CC(OC(C4=CC=C(/N=N/C5=CC=C(OCCCCCCCCCCCC)C=C5)C=C4)=O)=CC=C3,135,bend-core,CCCCCCCCCCCCOc1ccc(/N=N/c2ccc(C(=O)Oc3cccc(C(=O)Oc4ccc(/N=C/c5ccc(OCCCCCCCCCC)cc5)cc4)c3)cc2)cc1
703,CCCCCCCCOC1=C([N+]([O-])=O)C2=C(C=C1OCCCCCCCC)C3=C(C([N+]([O-])=O)=C(OCCCCCCCC)C(OCCCCCCCC)=C3)C4=C2C=C(OCCCCCCCC)C(OCCCCCCCC)=C4,136.3,disc-like,CCCCCCCCOc1cc2c(cc1OCCCCCCCC)c1c([N+](=O)[O-])c(OCCCCCCCC)c(OCCCCCCCC)cc1c1cc(OCCCCCCCC)c(OCCCCCCCC)c([N+](=O)[O-])c21
544,O=C(C1=CC=C(/C=N/C2=CC=C(OCCCCCCCCCCCC)C=C2)C=C1)OC3=CC(OC(C4=CC=C(/C=N/C5=CC=C(OCCCCCCCCCCCC)C=C5)C=C4)=O)=C(Cl)C=C3Cl,137,bend-core,CCCCCCCCCCCCOc1ccc(/N=C/c2ccc(C(=O)Oc3cc(OC(=O)c4ccc(/C=N/c5ccc(OCCCCCCCCCCCC)cc5)cc4)c(Cl)cc3Cl)cc2)cc1
646,CCCCCCOC1=CC2=C(C=C1OCCCCCC)N=C(C3=C4C=C(OCCCCCC)C(OCCCCCCCCCC)=C3)C(C5=CC(OCCCCCC)=C(OCCCCCCCCCC)C=C54)=N2,137.2,disc-like,CCCCCCCCCCOc1cc2c3cc(OCCCCCC)c(OCCCCCCCCCC)cc3c3nc4cc(OCCCCCC)c(OCCCCCC)cc4nc3c2cc1OCCCCCC
449,O=C(C1=CC=C(/N=N/C2=CC=C(OCCCCCCCCCCCCCCCC)C=C2)C=C1)OC3=CC(OC(C4=CC=C(/N=N/C5=CC=C(OCCCCCCCCCCCCCCCC)C=C5)C=C4)=O)=CC=C3C#N,140,bend-core,CCCCCCCCCCCCCCCCOc1ccc(/N=N/c2ccc(C(=O)Oc3ccc(C#N)c(OC(=O)c4ccc(/N=N/c5ccc(OCCCCCCCCCCCCCCCC)cc5)cc4)c3)cc2)cc1
596,O=C(C1=CC=C(/C=N/C2=CC=C(C(OCCCCCCCCCCCC)=O)C=C2)C=C1)OC3=CC(OC(C4=CC=C(/C=N/C5=CC=C(C(OCCCCCCCCCCCC)=O)C=C5)C=C4)=O)=CC=C3,140.5,bend-core,CCCCCCCCCCCCOC(=O)c1ccc(/N=C/c2ccc(C(=O)Oc3cccc(OC(=O)c4ccc(/C=N/c5ccc(C(=O)OCCCCCCCCCCCC)cc5)cc4)c3)cc2)cc1
573,O=C(C1=CC=C(OCCCCCCCCCCCC)C=C1)OC(C=C2)=CC=C2/N=C/C3=CC=CC(C(OC4=CC=C(OC(C5=CC=C(OCCCCCCCCCCCCC)C=C5)=O)C=C4)=O)=C3,141,bend-core,CCCCCCCCCCCCCOc1ccc(C(=O)Oc2ccc(OC(=O)c3cccc(/C=N/c4ccc(OC(=O)c5ccc(OCCCCCCCCCCCC)cc5)cc4)c3)cc2)cc1
382,O=C(C1=CC=C(OCCCCCCCCC)C=C1)OC(C=C2)=CC=C2C(OC3=CC(C(OC4=CC=C(/N=N/C5=CC=C(C#N)C=C5)C=C4)=O)=CC=C3)=O,142,bend-core,CCCCCCCCCOc1ccc(C(=O)Oc2ccc(C(=O)Oc3cccc(C(=O)Oc4ccc(/N=N/c5ccc(C#N)cc5)cc4)c3)cc2)cc1
500,O=C(OC1=CC=C(/N=N/C2=CC=C(CCCCCC)C=C2)C=C1)C3=CC=CC(/N=C/C4=CC=C(OC(C5=CC=C(OCCCCCCCC)C=C5)=O)C=C4)=C3,142.1,bend-core,CCCCCCCCOc1ccc(C(=O)Oc2ccc(/C=N/c3cccc(C(=O)Oc4ccc(/N=N/c5ccc(CCCCCC)cc5)cc4)c3)cc2)cc1
595,O=C(C1=CC=C(/C=N/C2=CC=C(C(OCCCCCCCCCCC)=O)C=C2)C=C1)OC3=CC(OC(C4=CC=C(/C=N/C5=CC=C(C(OCCCCCCCCCCC)=O)C=C5)C=C4)=O)=CC=C3,142.5,bend-core,CCCCCCCCCCCOC(=O)c1ccc(/N=C/c2ccc(C(=O)Oc3cccc(OC(=O)c4ccc(/C=N/c5ccc(C(=O)OCCCCCCCCCCC)cc5)cc4)c3)cc2)cc1
676,CCCCCCCCCCCCOC1=CC(OCCCCCCCCCCCC)=CC(C2=NN=C3N2C4=NN=C(C5=CC(OCCCCCCCCCCCC)=CC(OCCCCCCCCCCCC)=C5)N4C6=NN=C(C7=CC(OCCCCCCCCCCCC)=CC(OCCCCCCCCCCCC)=C7)N36)=C1,142.5,disc-like,CCCCCCCCCCCCOc1cc(OCCCCCCCCCCCC)cc(-c2nnc3n2c2nnc(-c4cc(OCCCCCCCCCCCC)cc(OCCCCCCCCCCCC)c4)n2c2nnc(-c4cc(OCCCCCCCCCCCC)cc(OCCCCCCCCCCCC)c4)n32)c1
508,O=C(OC1=CC=C(/N=N/C2=CC=C(OCCCCCCCCCCCC)C=C2)C=C1)C3=CC=CC(/N=C/C4=CC=C(OC(C5=CC=C(OCCCCCCCC)C=C5)=O)C=C4)=C3,142.8,bend-core,CCCCCCCCCCCCOc1ccc(/N=N/c2ccc(OC(=O)c3cccc(/N=C/c4ccc(OC(=O)c5ccc(OCCCCCCCC)cc5)cc4)c3)cc2)cc1
445,O=C(C1=CC=C(/N=N/C2=CC=C(OCCCCCCCC)C=C2)C=C1)OC3=CC(OC(C4=CC=C(/N=N/C5=CC=C(OCCCCCCCC)C=C5)C=C4)=O)=CC=C3C#N,143,bend-core,CCCCCCCCOc1ccc(/N=N/c2ccc(C(=O)Oc3ccc(C#N)c(OC(=O)c4ccc(/N=N/c5ccc(OCCCCCCCC)cc5)cc4)c3)cc2)cc1
9,CCCCC1CCC(CC1)C2COC(OC2)C3=CC=C(C=C3)F,145,rod-like,CCCCC1CCC(C2COC(c3ccc(F)cc3)OC2)CC1
8,CCCC1CCC(CC1)C2COC(OC2)C3=CC=C(C=C3)F,146.2,rod-like,CCCC1CCC(C2COC(c3ccc(F)cc3)OC2)CC1
459,O=C(C1=CC=C(OC(C2=CC=C(OCCCCCCCCCCCC)C=C2)=O)C=C1)OC3=CC=CC(/N=N/C4=CC=C(OC(C5=CC=C(OCCCCCC)C=C5)=O)C=C4)=C3,147.2,bend-core,CCCCCCCCCCCCOc1ccc(C(=O)Oc2ccc(C(=O)Oc3cccc(/N=N/c4ccc(OC(=O)c5ccc(OCCCCCC)cc5)cc4)c3)cc2)cc1
480,O=C(C1=CC=C(OC(C2=CC=C(OCCCCCC)C=C2)=O)C=C1)OC3=CC(/C=N/C4=CC=C(/N=N/C5=CC=C(OCCCCCCCCCCCC)C=C5)C=C4)=CC=C3,149.3,bend-core,CCCCCCCCCCCCOc1ccc(/N=N/c2ccc(/N=C/c3cccc(OC(=O)c4ccc(OC(=O)c5ccc(OCCCCCC)cc5)cc4)c3)cc2)cc1
405,O=C(C1=CC=C(OC(C2=CC=C(OCCCCCCCCCC)C=C2)=O)C=C1)OC3=CC(/C=N/C4=CC=C(/N=N/C5=CC=C(OCCCCCCCCCC)C=C5)C=C4)=CC=C3,150,bend-core,CCCCCCCCCCOc1ccc(/N=N/c2ccc(/N=C/c3cccc(OC(=O)c4ccc(OC(=O)c5ccc(OCCCCCCCCCC)cc5)cc4)c3)cc2)cc1
485,O=C(C1=CC=C(OC(C2=CC=C(OCCCCCCCCCCC)C=C2)=O)C=C1)OC3=CC(/C=N/C4=CC=C(/N=N/C5=CC=C(OCCCCCCCCCCCC)C=C5)C=C4)=CC=C3,150,bend-core,CCCCCCCCCCCCOc1ccc(/N=N/c2ccc(/N=C/c3cccc(OC(=O)c4ccc(OC(=O)c5ccc(OCCCCCCCCCCC)cc5)cc4)c3)cc2)cc1
581,O=C(C1=CC=C(/C=C/C2=CC=C(OCCCCCCCC)C(F)=C2)C=C1)OC3=CC(OC(C4=CC=C(/C=C/C5=CC(F)=C(OCCCCCCCC)C=C5)C=C4)=O)=CC=C3,152.9,bend-core,CCCCCCCCOc1ccc(/C=C/c2ccc(C(=O)Oc3cccc(OC(=O)c4ccc(/C=C/c5ccc(OCCCCCCCC)c(F)c5)cc4)c3)cc2)cc1F
394,O=C(OC1=CC=C(/C=N/C2=CC=C(OCCCCCCCCCCCCCCCC)C=C2)C=C1)C3=CC(OC(C4=CC=C(/N=N/C5=CC=C(OCCCCCCCCCCCC)C=C5)C=C4)=O)=CC=C3,155,bend-core,CCCCCCCCCCCCCCCCOc1ccc(/N=C/c2ccc(OC(=O)c3cccc(OC(=O)c4ccc(/N=N/c5ccc(OCCCCCCCCCCCC)cc5)cc4)c3)cc2)cc1
376,O=C(C1=CC=C(OCCCCCCC)C=C1)OC(C=C2)=CC=C2/C=N/C3=CC(C(OC4=CC=C(/N=N/C5=CC=C(C#N)C=C5)C=C4)=O)=CC=C3,157,bend-core,CCCCCCCOc1ccc(C(=O)Oc2ccc(/C=N/c3cccc(C(=O)Oc4ccc(/N=N/c5ccc(C#N)cc5)cc4)c3)cc2)cc1
477,O=C(C1=CC=C(/N=N/C2=CC=C(OCCCCCCCCCCCCCCCC)C=C2)C=C1)OC3=CC(/C=N/C4=CC=C(/N=N/C5=CC=C(OCCCCCCCCCCCC)C=C5)C=C4)=CC=C3,160.8,bend-core,CCCCCCCCCCCCCCCCOc1ccc(/N=N/c2ccc(C(=O)Oc3cccc(/C=N/c4ccc(/N=N/c5ccc(OCCCCCCCCCCCC)cc5)cc4)c3)cc2)cc1
377,O=C(C1=CC=C(OCCCCCCCC)C=C1)OC(C=C2)=CC=C2/C=N/C3=CC(C(OC4=CC=C(/N=N/C5=CC=C(C#N)C=C5)C=C4)=O)=CC=C3,162,bend-core,CCCCCCCCOc1ccc(C(=O)Oc2ccc(/C=N/c3cccc(C(=O)Oc4ccc(/N=N/c5ccc(C#N)cc5)cc4)c3)cc2)cc1
386,O=C(OC1=CC=C(/C=N/C2=CC=C(OCCCCCC)C=C2)C=C1)C3=CC(OC(C4=CC=C(/N=N/C5=CC=C(OCCCCCCCCCCCC)C=C5)C=C4)=O)=CC=C3,163,bend-core,CCCCCCCCCCCCOc1ccc(/N=N/c2ccc(C(=O)Oc3cccc(C(=O)Oc4ccc(/C=N/c5ccc(OCCCCCC)cc5)cc4)c3)cc2)cc1
471,O=C(C1=CC=C(/N=N/C2=CC=C(OCCCCCCCC)C=C2)C=C1)OC3=CC(/C=N/C4=CC=C(/N=N/C5=CC=C(OCCCCCCCCCCCC)C=C5)C=C4)=CC=C3,164,bend-core,CCCCCCCCCCCCOc1ccc(/N=N/c2ccc(/N=C/c3cccc(OC(=O)c4ccc(/N=N/c5ccc(OCCCCCCCC)cc5)cc4)c3)cc2)cc1
469,O=C(C1=CC=C(/N=N/C2=CC=C(OCCCCCC)C=C2)C=C1)OC3=CC(/C=N/C4=CC=C(/N=N/C5=CC=C(OCCCCCCCCCCCC)C=C5)C=C4)=CC=C3,164.1,bend-core,CCCCCCCCCCCCOc1ccc(/N=N/c2ccc(/N=C/c3cccc(OC(=O)c4ccc(/N=N/c5ccc(OCCCCCC)cc5)cc4)c3)cc2)cc1
467,O=C(C1=CC=C(/N=N/C2=CC=C(OCCCC)C=C2)C=C1)OC3=CC(/C=N/C4=CC=C(/N=N/C5=CC=C(OCCCCCCCCCCCC)C=C5)C=C4)=CC=C3,164.6,bend-core,CCCCCCCCCCCCOc1ccc(/N=N/c2ccc(/N=C/c3cccc(OC(=O)c4ccc(/N=N/c5ccc(OCCCC)cc5)cc4)c3)cc2)cc1
388,O=C(OC1=CC=C(/C=N/C2=CC=C(OCCCCCCCC)C=C2)C=C1)C3=CC(OC(C4=CC=C(/N=N/C5=CC=C(OCCCCCCCCCCCC)C=C5)C=C4)=O)=CC=C3,166,bend-core,CCCCCCCCCCCCOc1ccc(/N=N/c2ccc(C(=O)Oc3cccc(C(=O)Oc4ccc(/C=N/c5ccc(OCCCCCCCC)cc5)cc4)c3)cc2)cc1
380,O=C(C1=CC=C(OCCCCCCCCCCC)C=C1)OC(C=C2)=CC=C2/C=N/C3=CC(C(OC4=CC=C(/N=N/C5=CC=C(C#N)C=C5)C=C4)=O)=CC=C3,168,bend-core,CCCCCCCCCCCOc1ccc(C(=O)Oc2ccc(/C=N/c3cccc(C(=O)Oc4ccc(/N=N/c5ccc(C#N)cc5)cc4)c3)cc2)cc1
361,O=C(C1=CC=C(C2=CC=C(OCCCCCCCCCCCC)C=C2)C=C1)OC3=CC(/C=N/C4=CC=C(/N=N/C5=CC=C(OCCCCCCCCCC)C=C5)C=C4)=CC=C3,168,bend-core,CCCCCCCCCCCCOc1ccc(-c2ccc(C(=O)Oc3cccc(/C=N/c4ccc(/N=N/c5ccc(OCCCCCCCCCC)cc5)cc4)c3)cc2)cc1
630,FC(C(F)=C1)=CC=C1OC(C(OCCCCCC)=C2)=CC3=C2C(C=C(OCCCCCC)C(OCCCCCC)=C4)=C4C5=C3C=C(OCCCCCC)C(OCCCCCC)=C5,169,disc-like,CCCCCCOc1cc2c3cc(OCCCCCC)c(OCCCCCC)cc3c3cc(Oc4ccc(F)c(F)c4)c(OCCCCCC)cc3c2cc1OCCCCCC
360,O=C(C1=CC=C(C2=CC=C(OCCCCCCCCCC)C=C2)C=C1)OC3=CC(/C=N/C4=CC=C(/N=N/C5=CC=C(OCCCCCCCCCC)C=C5)C=C4)=CC=C3,171,bend-core,CCCCCCCCCCOc1ccc(/N=N/c2ccc(/N=C/c3cccc(OC(=O)c4ccc(-c5ccc(OCCCCCCCCCC)cc5)cc4)c3)cc2)cc1
684,CCCCCCCCCCCOC1=C(OCCCCCCCCCCC)C=CC2=C1C3=C(OCCCCCCCCCCC)C(OCCCCCCCCCCC)=CC=C3C(C2=C4)=CC5=C4OCCOC6=CC(C7=CC=C(OCCCCCCCCCCC)C(OCCCCCCCCCCC)=C7C8=C9C=CC(OCCCCCCCCCCC)=C8OCCCCCCCCCCC)=C9C=C6OCCO5,171,disc-like,CCCCCCCCCCCOc1ccc2c3cc4c(cc3c3ccc(OCCCCCCCCCCC)c(OCCCCCCCCCCC)c3c2c1OCCCCCCCCCCC)OCCOc1cc2c(cc1OCCO4)c1ccc(OCCCCCCCCCCC)c(OCCCCCCCCCCC)c1c1c(OCCCCCCCCCCC)c(OCCCCCCCCCCC)ccc21
381,O=C(C1=CC=C(OCCCCCCCCCCCC)C=C1)OC(C=C2)=CC=C2/C=N/C3=CC(C(OC4=CC=C(/N=N/C5=CC=C(C#N)C=C5)C=C4)=O)=CC=C3,172,bend-core,CCCCCCCCCCCCOc1ccc(C(=O)Oc2ccc(/C=N/c3cccc(C(=O)Oc4ccc(/N=N/c5ccc(C#N)cc5)cc4)c3)cc2)cc1
661,O=C(OCC)COC1=C(OCC(OCC)=O)C=C2C3=CC(OCC(OCC)=O)=C(OCC(OCC)=O)C=C3C4=CC(OCC(OCC)=O)=C(OCC(OCC)=O)C=C4C2=C1,172,disc-like,CCOC(=O)COc1cc2c3cc(OCC(=O)OCC)c(OCC(=O)OCC)cc3c3cc(OCC(=O)OCC)c(OCC(=O)OCC)cc3c2cc1OCC(=O)OCC
420,O=C(C1=CC=C(/N=N/C2=CC=C(OCC=C)C=C2)C=C1)OC3=CC(OC(C4=CC=C(/N=N/C5=CC=C(OCC=C)C=C5)C=C4)=O)=CC=C3,175,bend-core,C=CCOc1ccc(/N=N/c2ccc(C(=O)Oc3cccc(OC(=O)c4ccc(/N=N/c5ccc(OCC=C)cc5)cc4)c3)cc2)cc1
552,O=C(C1=CC=C(/C=N/C2=CC=C(OCCCCCCC)C=C2)C=C1)OC3=C([N+]([O-])=O)C(OC(C4=CC=C(/C=N/C5=CC=C(OCCCCCCC)C=C5)C=C4)=O)=CC=C3,176,bend-core,CCCCCCCOc1ccc(/N=C/c2ccc(C(=O)Oc3cccc(OC(=O)c4ccc(/C=N/c5ccc(OCCCCCCC)cc5)cc4)c3[N+](=O)[O-])cc2)cc1
359,O=C(C1=CC=C(C2=CC=C(OCCCCCCCC)C=C2)C=C1)OC3=CC(/C=N/C4=CC=C(/N=N/C5=CC=C(OCCCCCCCC)C=C5)C=C4)=CC=C3,176,bend-core,CCCCCCCCOc1ccc(/N=N/c2ccc(/N=C/c3cccc(OC(=O)c4ccc(-c5ccc(OCCCCCCCC)cc5)cc4)c3)cc2)cc1
553,O=C(C1=CC=C(/C=N/C2=CC=C(OCCCCCCCC)C=C2)C=C1)OC3=C([N+]([O-])=O)C(OC(C4=CC=C(/C=N/C5=CC=C(OCCCCCCCC)C=C5)C=C4)=O)=CC=C3,177,bend-core,CCCCCCCCOc1ccc(/N=C/c2ccc(C(=O)Oc3cccc(OC(=O)c4ccc(/C=N/c5ccc(OCCCCCCCC)cc5)cc4)c3[N+](=O)[O-])cc2)cc1
17,CCCCC(C=C1)=CC=C1C2=NC=C([C@@H]3CC[C@@H](CCCCC)CC3)C=N2,187,rod-like,CCCCC[C@H]1CC[C@H](c2cnc(-c3ccc(CCCC)cc3)nc2)CC1
49,O=C(OC1=CC=C(C2=CC=C(C#N)C=C2)C=C1)C(C=C3)=CC=C3CCCCCCCCCC,205,rod-like,CCCCCCCCCCc1ccc(C(=O)Oc2ccc(-c3ccc(C#N)cc3)cc2)cc1
670,CC(CCCC(C)C)CCOC1=CC2=C(C=C1OCCC(CCCC(C)C)C)CC3=C2C(CC4=C5C=C(OCCC(CCCC(C)C)C)C(OCCC(CCCC(C)C)C)=C4)=C5C6=C3C7=C(C=C(OCCC(CCCC(C)C)C)C(OCCC(CCCC(C)C)C)=C7)C6,213,disc-like,CC(C)CCCC(C)CCOc1cc2c(cc1OCCC(C)CCCC(C)C)-c1c(c3c(c4c1Cc1cc(OCCC(C)CCCC(C)C)c(OCCC(C)CCCC(C)C)cc1-4)Cc1cc(OCCC(C)CCCC(C)C)c(OCCC(C)CCCC(C)C)cc1-3)C2
609,O=C(C1=CC=C(OCCCCCCC)C=C1)OC2=CC3=C(C=C2OC(C4=CC=C(OCCCCCCC)C=C4)=O)C5=C(C=C(OC(C6=CC=C(OCCCCCCC)C=C6)=O)C(OC(C7=CC=C(OCCCCCCC)C=C7)=O)=C5)C8=C3C=C(OC(C9=CC(OCCCCCCC)=CC=C9)=O)C(OC(C%10=CC=C(OCCCCCCC)C=C%10)=O)=C8,253.1,disc-like,CCCCCCCOc1ccc(C(=O)Oc2cc3c4cc(OC(=O)c5ccc(OCCCCCCC)cc5)c(OC(=O)c5ccc(OCCCCCCC)cc5)cc4c4cc(OC(=O)c5cccc(OCCCCCCC)c5)c(OC(=O)c5ccc(OCCCCCCC)cc5)cc4c3cc2OC(=O)c2ccc(OCCCCCCC)cc2)cc1
135,CCCC1=CC=C(C=C1)C2=CC=C(C=C2)C(=O)O,278,rod-like,CCCc1ccc(-c2ccc(C(=O)O)cc2)cc1